Language,original,english
STR_BZ_FrozenMarketTin,Frozen Market Tin,Frozen Market Tin
STR_BZ_FrozenMarketTin_Desc,"An unlabelled civilian tin. The lid is welded shut with ice. Whatever is inside has been frozen longer than anyone still alive.","An unlabelled civilian tin. The lid is welded shut with ice. Whatever is inside has been frozen longer than anyone still alive."
STR_BZ_FrozenMarketTin_Opened,Opened Market Tin,Opened Market Tin
STR_BZ_FrozenMarketTin_Opened_Desc,"The ice is gone. The label was never there. Eat it before you think too hard.","The ice is gone. The label was never there. Eat it before you think too hard."
STR_BZ_CharcoalFootwraps,Stove-Charcoal Footwraps,Stove-Charcoal Footwraps
STR_BZ_CharcoalFootwraps_Desc,"Rags packed with stove charcoal and last week's newspaper. They steal a little warmth from the fire you already burned.","Rags packed with stove charcoal and last week's newspaper. They steal a little warmth from the fire you already burned."
STR_BZ_ThawPouch,Thaw Pouch,Thaw Pouch
STR_BZ_ThawPouch_Desc,"An old hot-water bottle pressed against the ribs. It does not cook. It only argues with the cold.","An old hot-water bottle pressed against the ribs. It does not cook. It only argues with the cold."
STR_BZ_RoadSaltCompress,Road-Salt Compress,Road-Salt Compress
STR_BZ_RoadSaltCompress_Desc,"Cloth boiled with road salt. It will close a cut. It will also remind you that you did it.","Cloth boiled with road salt. It will close a cut. It will also remind you that you did it."
STR_BZ_AmmoPile_762_Oilcloth,Oilcloth 7.62 Pile,Oilcloth 7.62 Pile
STR_BZ_AmmoPile_762_Oilcloth_Desc,"Someone wrapped what they could carry and ran. Sort them before you trust the chamber.","Someone wrapped what they could carry and ran. Sort them before you trust the chamber."
STR_BZ_Sheath_WireCut_CDF,Wire-Cut Sheath,Wire-Cut Sheath
STR_BZ_Sheath_WireCut_CDF_Desc,"A CDF sheath that kept the cutter. The blade is gone. The fence is not.","A CDF sheath that kept the cutter. The blade is gone. The fence is not."
STR_BZ_FilterSock_Pripyat,Pripyat Filter Sock,Pripyat Filter Sock
STR_BZ_FilterSock_Pripyat_Desc,"A sock full of stove charcoal. It buys minutes, not a future.","A sock full of stove charcoal. It buys minutes, not a future."
STR_BZ_IceSawBayonet,Ice-Saw Bayonet,Ice-Saw Bayonet
STR_BZ_IceSawBayonet_Desc,"A hunting knife that learned to cut ice. Poor manners in a doorway. Excellent manners at a hole in a lake.","A hunting knife that learned to cut ice. Poor manners in a doorway. Excellent manners at a hole in a lake."
STR_BZ_InediaBrothBrick,Inedia Broth Brick,Inedia Broth Brick
STR_BZ_InediaBrothBrick_Desc,"Compressed bone and root. Almost no meal. Almost some water — if you boil it.","Compressed bone and root. Almost no meal. Almost some water — if you boil it."
STR_BZ_Book_WinterButchery1984,"Winter Butchery, 1984","Winter Butchery, 1984"
STR_BZ_Book_WinterButchery1984_Desc,"A Livonian winter pamphlet. The diagrams are better than the spelling. The warning about blood is still good.","A Livonian winter pamphlet. The diagrams are better than the spelling. The warning about blood is still good."
